/content/drive/MyDrive/My_DL/S6/TakeHome/Image/Train/000049.png,253,199,69,52,93,81
/content/drive/MyDrive/My_DL/S6/TakeHome/Image/Train/000043.png,275,183,96,54,149,102
/content/drive/MyDrive/My_DL/S6/TakeHome/Image/Train/000047.png,270,187,83,32,112,57
/content/drive/MyDrive/My_DL/S6/TakeHome/Image/Train/000042.png,293,172,60,32,94,66
/content/drive/MyDrive/My_DL/S6/TakeHome/Image/Train/000048.png,275,183,52,33,120,104
/content/drive/MyDrive/My_DL/S6/TakeHome/Image/Train/000046.png,186,272,83,56,185,152
/content/drive/MyDrive/My_DL/S6/TakeHome/Image/Train/000041.png,186,270,94,55,164,135
/content/drive/MyDrive/My_DL/S6/TakeHome/Image/Train/000044.png,170,297,183,13,213,42
/content/drive/MyDrive/My_DL/S6/TakeHome/Image/Train/000045.png,285,177,,,,
/content/drive/MyDrive/My_DL/S6/TakeHome/Image/Train/000040.png,168,300,113,40,205,118
/content/drive/MyDrive/My_DL/S6/TakeHome/Image/Train/000039.png,167,301,96,23,137,72
/content/drive/MyDrive/My_DL/S6/TakeHome/Image/Train/000038.png,258,195,80,30,105,57
/content/drive/MyDrive/My_DL/S6/TakeHome/Image/Train/000036.png,183,275,84,23,189,155
/content/drive/MyDrive/My_DL/S6/TakeHome/Image/Train/000037.png,176,286,38,45,103,103
/content/drive/MyDrive/My_DL/S6/TakeHome/Image/Train/000091.png,259,194,88,25,137,77
/content/drive/MyDrive/My_DL/S6/TakeHome/Image/Train/000089.png,197,255,117,30,167,94
/content/drive/MyDrive/My_DL/S6/TakeHome/Image/Train/000081.png,164,308,84,22,106,41
/content/drive/MyDrive/My_DL/S6/TakeHome/Image/Train/000087.png,267,189,67,33,115,80
/content/drive/MyDrive/My_DL/S6/TakeHome/Image/Train/000090.png,168,300,148,34,211,88
/content/drive/MyDrive/My_DL/S6/TakeHome/Image/Train/000086.png,168,300,157,13,205,62
/content/drive/MyDrive/My_DL/S6/TakeHome/Image/Train/000085.png,172,293,179,32,222,82
/content/drive/MyDrive/My_DL/S6/TakeHome/Image/Train/000082.png,165,220,75,88,86,101
/content/drive/MyDrive/My_DL/S6/TakeHome/Image/Train/000088.png,183,275,,,,
/content/drive/MyDrive/My_DL/S6/TakeHome/Image/Train/000084.png,182,278,127,56,156,96
/content/drive/MyDrive/My_DL/S6/TakeHome/Image/Train/000083.png,167,301,60,19,110,69
/content/drive/MyDrive/My_DL/S6/TakeHome/Image/Train/000080.png,168,300,152,51,189,100
/content/drive/MyDrive/My_DL/S6/TakeHome/Image/Train/000072.png,170,297,92,32,191,162
/content/drive/MyDrive/My_DL/S6/TakeHome/Image/Train/000076.png,168,300,122,28,176,95
/content/drive/MyDrive/My_DL/S6/TakeHome/Image/Train/000079.png,194,259,196,19,241,75
/content/drive/MyDrive/My_DL/S6/TakeHome/Image/Train/000075.png,168,300,113,22,184,92
/content/drive/MyDrive/My_DL/S6/TakeHome/Image/Train/000073.png,231,218,42,32,134,124
/content/drive/MyDrive/My_DL/S6/TakeHome/Image/Train/000077.png,270,187,105,67,130,96
/content/drive/MyDrive/My_DL/S6/TakeHome/Image/Train/000078.png,153,329,141,9,175,41
/content/drive/MyDrive/My_DL/S6/TakeHome/Image/Train/000074.png,243,207,81,21,130,66
/content/drive/MyDrive/My_DL/S6/TakeHome/Image/Train/000071.png,168,300,138,46,169,75
/content/drive/MyDrive/My_DL/S6/TakeHome/Image/Train/000065.png,168,300,206,28,246,71
/content/drive/MyDrive/My_DL/S6/TakeHome/Image/Train/000070.png,193,262,62,87,96,121
/content/drive/MyDrive/My_DL/S6/TakeHome/Image/Train/000068.png,194,259,127,36,175,78
/content/drive/MyDrive/My_DL/S6/TakeHome/Image/Train/000069.png,260,194,73,53,100,80
/content/drive/MyDrive/My_DL/S6/TakeHome/Image/Train/000067.png,206,245,135,25,185,77
/content/drive/MyDrive/My_DL/S6/TakeHome/Image/Train/000062.png,172,293,26,29,114,125
/content/drive/MyDrive/My_DL/S6/TakeHome/Image/Train/000063.png,177,284,96,46,140,84
/content/drive/MyDrive/My_DL/S6/TakeHome/Image/Train/000064.png,181,279,20,25,81,75
/content/drive/MyDrive/My_DL/S6/TakeHome/Image/Train/000066.png,168,300,,,,
/content/drive/MyDrive/My_DL/S6/TakeHome/Image/Train/000061.png,185,272,116,34,159,81
/content/drive/MyDrive/My_DL/S6/TakeHome/Image/Train/000057.png,275,183,41,25,73,62
/content/drive/MyDrive/My_DL/S6/TakeHome/Image/Train/000056.png,158,220,118,20,155,60
/content/drive/MyDrive/My_DL/S6/TakeHome/Image/Train/000052.png,183,275,135,24,195,86
/content/drive/MyDrive/My_DL/S6/TakeHome/Image/Train/000051.png,168,300,183,33,239,90
/content/drive/MyDrive/My_DL/S6/TakeHome/Image/Train/000059.png,225,225,,,,
/content/drive/MyDrive/My_DL/S6/TakeHome/Image/Train/000053.png,200,200,62,54,109,109
/content/drive/MyDrive/My_DL/S6/TakeHome/Image/Train/000054.png,183,275,125,19,162,51
/content/drive/MyDrive/My_DL/S6/TakeHome/Image/Train/000055.png,185,273,,,,
/content/drive/MyDrive/My_DL/S6/TakeHome/Image/Train/000058.png,271,186,39,43,145,179
/content/drive/MyDrive/My_DL/S6/TakeHome/Image/Train/000050.png,167,301,,,,
/content/drive/MyDrive/My_DL/S6/TakeHome/Image/Train/000138.png,183,275,145,45,175,75
/content/drive/MyDrive/My_DL/S6/TakeHome/Image/Train/000133.png,168,300,112,43,160,82
/content/drive/MyDrive/My_DL/S6/TakeHome/Image/Train/000142.png,181,279,108,30,123,35
/content/drive/MyDrive/My_DL/S6/TakeHome/Image/Train/000136.png,194,259,68,127,123,179
/content/drive/MyDrive/My_DL/S6/TakeHome/Image/Train/000137.png,194,259,32,64,64,99
/content/drive/MyDrive/My_DL/S6/TakeHome/Image/Train/000140.png,177,284,130,52,171,84
/content/drive/MyDrive/My_DL/S6/TakeHome/Image/Train/000135.png,257,196,29,38,66,91
/content/drive/MyDrive/My_DL/S6/TakeHome/Image/Train/000141.png,168,300,177,13,201,40
/content/drive/MyDrive/My_DL/S6/TakeHome/Image/Train/000134.png,261,193,81,61,108,90
/content/drive/MyDrive/My_DL/S6/TakeHome/Image/Train/000132.png,196,257,67,21,89,41
/content/drive/MyDrive/My_DL/S6/TakeHome/Image/Train/000127.png,194,259,119,42,134,55
/content/drive/MyDrive/My_DL/S6/TakeHome/Image/Train/000123.png,263,192,52,31,140,117
/content/drive/MyDrive/My_DL/S6/TakeHome/Image/Train/000129.png,275,183,50,28,117,103
/content/drive/MyDrive/My_DL/S6/TakeHome/Image/Train/000124.png,261,193,82,26,114,62
/content/drive/MyDrive/My_DL/S6/TakeHome/Image/Train/000131.png,207,243,80,23,125,70
/content/drive/MyDrive/My_DL/S6/TakeHome/Image/Train/000128.png,197,256,72,29,143,113
/content/drive/MyDrive/My_DL/S6/TakeHome/Image/Train/000130.png,168,300,110,37,150,88
/content/drive/MyDrive/My_DL/S6/TakeHome/Image/Train/000125.png,206,245,127,54,203,142
/content/drive/MyDrive/My_DL/S6/TakeHome/Image/Train/000126.png,221,228,141,21,179,57
/content/drive/MyDrive/My_DL/S6/TakeHome/Image/Train/000122.png,194,259,170,10,217,86
/content/drive/MyDrive/My_DL/S6/TakeHome/Image/Train/000118.png,194,259,106,38,205,144
/content/drive/MyDrive/My_DL/S6/TakeHome/Image/Train/000116.png,168,300,116,40,160,84
/content/drive/MyDrive/My_DL/S6/TakeHome/Image/Train/000117.png,194,259,64,56,108,106
/content/drive/MyDrive/My_DL/S6/TakeHome/Image/Train/000112.png,194,259,180,74,207,103
/content/drive/MyDrive/My_DL/S6/TakeHome/Image/Train/000114.png,168,300,221,28,259,79
/content/drive/MyDrive/My_DL/S6/TakeHome/Image/Train/000121.png,194,259,30,113,215,212
/content/drive/MyDrive/My_DL/S6/TakeHome/Image/Train/000113.png,167,301,82,16,142,83
/content/drive/MyDrive/My_DL/S6/TakeHome/Image/Train/000115.png,194,259,103,44,241,163
/content/drive/MyDrive/My_DL/S6/TakeHome/Image/Train/000120.png,194,259,153,65,183,97
/content/drive/MyDrive/My_DL/S6/TakeHome/Image/Train/000111.png,166,303,124,24,224,119
/content/drive/MyDrive/My_DL/S6/TakeHome/Image/Train/000104.png,194,259,118,51,164,96
/content/drive/MyDrive/My_DL/S6/TakeHome/Image/Train/000107.png,194,259,132,57,187,120
/content/drive/MyDrive/My_DL/S6/TakeHome/Image/Train/000106.png,194,259,102,34,193,135
/content/drive/MyDrive/My_DL/S6/TakeHome/Image/Train/000108.png,168,300,208,30,244,55
/content/drive/MyDrive/My_DL/S6/TakeHome/Image/Train/000110.png,194,259,148,62,203,110
/content/drive/MyDrive/My_DL/S6/TakeHome/Image/Train/000101.png,194,259,89,49,136,103
/content/drive/MyDrive/My_DL/S6/TakeHome/Image/Train/000103.png,194,259,141,51,165,74
/content/drive/MyDrive/My_DL/S6/TakeHome/Image/Train/000102.png,239,211,84,75,117,103
/content/drive/MyDrive/My_DL/S6/TakeHome/Image/Train/000105.png,193,261,44,5,77,47
/content/drive/MyDrive/My_DL/S6/TakeHome/Image/Train/000109.png,168,300,164,31,228,104
/content/drive/MyDrive/My_DL/S6/TakeHome/Image/Train/000097.png,168,300,75,49,123,100
/content/drive/MyDrive/My_DL/S6/TakeHome/Image/Train/000096.png,193,261,113,23,132,41
/content/drive/MyDrive/My_DL/S6/TakeHome/Image/Train/000098.png,194,259,124,18,157,73
/content/drive/MyDrive/My_DL/S6/TakeHome/Image/Train/000092.png,166,303,124,18,228,112
/content/drive/MyDrive/My_DL/S6/TakeHome/Image/Train/000094.png,169,299,107,27,139,67
/content/drive/MyDrive/My_DL/S6/TakeHome/Image/Train/000093.png,271,186,89,72,113,105
/content/drive/MyDrive/My_DL/S6/TakeHome/Image/Train/000095.png,183,275,108,20,160,71
/content/drive/MyDrive/My_DL/S6/TakeHome/Image/Train/000100.png,168,300,117,33,159,101
/content/drive/MyDrive/My_DL/S6/TakeHome/Image/Train/000099.png,197,256,96,13,128,40
/content/drive/MyDrive/My_DL/S6/TakeHome/Image/Train/000186.png,168,300,127,20,211,110
/content/drive/MyDrive/My_DL/S6/TakeHome/Image/Train/000181.png,201,251,53,30,204,197
/content/drive/MyDrive/My_DL/S6/TakeHome/Image/Train/000179.png,183,275,91,51,137,91
/content/drive/MyDrive/My_DL/S6/TakeHome/Image/Train/000180.png,168,300,101,27,203,121
/content/drive/MyDrive/My_DL/S6/TakeHome/Image/Train/000182.png,169,299,99,27,184,139
/content/drive/MyDrive/My_DL/S6/TakeHome/Image/Train/000178.png,168,300,174,46,212,88
/content/drive/MyDrive/My_DL/S6/TakeHome/Image/Train/000184.png,183,275,99,18,153,70
/content/drive/MyDrive/My_DL/S6/TakeHome/Image/Train/000177.png,319,158,12,102,74,196
/content/drive/MyDrive/My_DL/S6/TakeHome/Image/Train/000183.png,168,300,208,28,252,62
/content/drive/MyDrive/My_DL/S6/TakeHome/Image/Train/000185.png,168,300,183,17,242,85
/content/drive/MyDrive/My_DL/S6/TakeHome/Image/Train/000175.png,168,300,105,51,157,97
/content/drive/MyDrive/My_DL/S6/TakeHome/Image/Train/000169.png,193,262,63,87,96,121
/content/drive/MyDrive/My_DL/S6/TakeHome/Image/Train/000168.png,194,259,101,59,153,116
/content/drive/MyDrive/My_DL/S6/TakeHome/Image/Train/000171.png,165,306,5,28,77,112
/content/drive/MyDrive/My_DL/S6/TakeHome/Image/Train/000173.png,194,259,65,41,129,117
/content/drive/MyDrive/My_DL/S6/TakeHome/Image/Train/000174.png,167,301,131,19,152,47
/content/drive/MyDrive/My_DL/S6/TakeHome/Image/Train/000172.png,181,279,94,59,122,92
/content/drive/MyDrive/My_DL/S6/TakeHome/Image/Train/000166.png,185,273,126,43,183,88
/content/drive/MyDrive/My_DL/S6/TakeHome/Image/Train/000165.png,182,276,108,35,181,121
/content/drive/MyDrive/My_DL/S6/TakeHome/Image/Train/000167.png,194,259,158,9,199,61
/content/drive/MyDrive/My_DL/S6/TakeHome/Image/Train/000164.png,194,259,51,20,123,114
/content/drive/MyDrive/My_DL/S6/TakeHome/Image/Train/000156.png,194,259,129,8,147,32
/content/drive/MyDrive/My_DL/S6/TakeHome/Image/Train/000160.png,172,293,59,20,117,93
/content/drive/MyDrive/My_DL/S6/TakeHome/Image/Train/000161.png,194,259,146,38,160,59
/content/drive/MyDrive/My_DL/S6/TakeHome/Image/Train/000159.png,168,300,74,22,142,105
/content/drive/MyDrive/My_DL/S6/TakeHome/Image/Train/000155.png,188,268,174,35,220,86
/content/drive/MyDrive/My_DL/S6/TakeHome/Image/Train/000162.png,255,197,72,91,133,151
/content/drive/MyDrive/My_DL/S6/TakeHome/Image/Train/000163.png,256,197,66,26,102,74
/content/drive/MyDrive/My_DL/S6/TakeHome/Image/Train/000158.png,161,313,60,60,94,103
/content/drive/MyDrive/My_DL/S6/TakeHome/Image/Train/000154.png,194,259,92,59,124,91
/content/drive/MyDrive/My_DL/S6/TakeHome/Image/Train/000153.png,168,300,147,25,182,69
/content/drive/MyDrive/My_DL/S6/TakeHome/Image/Train/000149.png,168,300,124,67,162,103
/content/drive/MyDrive/My_DL/S6/TakeHome/Image/Train/000152.png,186,272,93,42,183,153
/content/drive/MyDrive/My_DL/S6/TakeHome/Image/Train/000148.png,193,261,193,20,221,41
/content/drive/MyDrive/My_DL/S6/TakeHome/Image/Train/000151.png,275,183,70,27,102,66
/content/drive/MyDrive/My_DL/S6/TakeHome/Image/Train/000144.png,183,275,107,13,135,45
/content/drive/MyDrive/My_DL/S6/TakeHome/Image/Train/000145.png,213,236,115,61,145,93
/content/drive/MyDrive/My_DL/S6/TakeHome/Image/Train/000147.png,181,279,133,22,167,56
/content/drive/MyDrive/My_DL/S6/TakeHome/Image/Train/000150.png,177,284,81,50,214,174
/content/drive/MyDrive/My_DL/S6/TakeHome/Image/Train/000146.png,271,186,49,69,140,166
/content/drive/MyDrive/My_DL/S6/TakeHome/Image/Train/000143.png,179,282,184,24,209,54
/content/drive/MyDrive/My_DL/S6/TakeHome/Image/Train/000229.png,255,198,70,12,116,61
/content/drive/MyDrive/My_DL/S6/TakeHome/Image/Train/000227.png,253,199,65,51,92,79
/content/drive/MyDrive/My_DL/S6/TakeHome/Image/Train/000228.png,246,205,36,26,137,153
/content/drive/MyDrive/My_DL/S6/TakeHome/Image/Train/000235.png,194,259,82,18,145,82
/content/drive/MyDrive/My_DL/S6/TakeHome/Image/Train/000231.png,183,275,129,19,171,78
/content/drive/MyDrive/My_DL/S6/TakeHome/Image/Train/000233.png,177,236,83,15,142,73
/content/drive/MyDrive/My_DL/S6/TakeHome/Image/Train/000230.png,170,297,188,7,215,48
/content/drive/MyDrive/My_DL/S6/TakeHome/Image/Train/000232.png,181,279,49,9,91,63
/content/drive/MyDrive/My_DL/S6/TakeHome/Image/Train/000234.png,225,225,138,66,164,91
/content/drive/MyDrive/My_DL/S6/TakeHome/Image/Train/000226.png,248,203,64,40,110,79
/content/drive/MyDrive/My_DL/S6/TakeHome/Image/Train/000221.png,238,212,80,80,104,107
/content/drive/MyDrive/My_DL/S6/TakeHome/Image/Train/000218.png,169,299,147,21,182,55
/content/drive/MyDrive/My_DL/S6/TakeHome/Image/Train/000219.png,254,198,62,19,134,86
/content/drive/MyDrive/My_DL/S6/TakeHome/Image/Train/000222.png,183,275,115,19,184,91
/content/drive/MyDrive/My_DL/S6/TakeHome/Image/Train/000220.png,183,275,104,20,161,83
/content/drive/MyDrive/My_DL/S6/TakeHome/Image/Train/000224.png,194,259,144,40,165,59
/content/drive/MyDrive/My_DL/S6/TakeHome/Image/Train/000223.png,168,300,68,21,125,81
/content/drive/MyDrive/My_DL/S6/TakeHome/Image/Train/000225.png,258,196,73,24,121,71
/content/drive/MyDrive/My_DL/S6/TakeHome/Image/Train/000217.png,257,196,64,12,123,95
/content/drive/MyDrive/My_DL/S6/TakeHome/Image/Train/000216.png,264,191,72,17,119,62
/content/drive/MyDrive/My_DL/S6/TakeHome/Image/Train/000213.png,194,259,102,53,143,85
/content/drive/MyDrive/My_DL/S6/TakeHome/Image/Train/000207.png,274,184,75,21,146,109
/content/drive/MyDrive/My_DL/S6/TakeHome/Image/Train/000210.png,241,209,49,21,95,78
/content/drive/MyDrive/My_DL/S6/TakeHome/Image/Train/000214.png,260,194,125,58,149,86
/content/drive/MyDrive/My_DL/S6/TakeHome/Image/Train/000215.png,168,300,152,47,189,86
/content/drive/MyDrive/My_DL/S6/TakeHome/Image/Train/000212.png,168,300,82,14,129,65
/content/drive/MyDrive/My_DL/S6/TakeHome/Image/Train/000208.png,194,259,62,29,123,91
/content/drive/MyDrive/My_DL/S6/TakeHome/Image/Train/000209.png,183,275,114,54,152,96
/content/drive/MyDrive/My_DL/S6/TakeHome/Image/Train/000211.png,275,183,67,26,112,74
/content/drive/MyDrive/My_DL/S6/TakeHome/Image/Train/000206.png,173,292,97,43,140,101
/content/drive/MyDrive/My_DL/S6/TakeHome/Image/Train/000203.png,183,275,110,41,144,90
/content/drive/MyDrive/My_DL/S6/TakeHome/Image/Train/000200.png,254,198,60,49,119,111
/content/drive/MyDrive/My_DL/S6/TakeHome/Image/Train/000204.png,183,275,143,33,169,65
/content/drive/MyDrive/My_DL/S6/TakeHome/Image/Train/000197.png,174,290,105,40,129,66
/content/drive/MyDrive/My_DL/S6/TakeHome/Image/Train/000198.png,183,275,80,33,204,168
/content/drive/MyDrive/My_DL/S6/TakeHome/Image/Train/000205.png,293,172,64,26,96,60
/content/drive/MyDrive/My_DL/S6/TakeHome/Image/Train/000202.png,197,256,96,11,130,55
/content/drive/MyDrive/My_DL/S6/TakeHome/Image/Train/000201.png,231,218,67,25,134,117
/content/drive/MyDrive/My_DL/S6/TakeHome/Image/Train/000199.png,198,254,114,16,166,94
/content/drive/MyDrive/My_DL/S6/TakeHome/Image/Train/000196.png,194,259,111,46,146,83
/content/drive/MyDrive/My_DL/S6/TakeHome/Image/Train/000190.png,196,257,122,27,160,68
/content/drive/MyDrive/My_DL/S6/TakeHome/Image/Train/000195.png,168,300,82,20,130,59
/content/drive/MyDrive/My_DL/S6/TakeHome/Image/Train/000191.png,254,198,55,43,119,124
/content/drive/MyDrive/My_DL/S6/TakeHome/Image/Train/000189.png,270,187,106,65,133,101
/content/drive/MyDrive/My_DL/S6/TakeHome/Image/Train/000193.png,194,259,207,21,241,49
/content/drive/MyDrive/My_DL/S6/TakeHome/Image/Train/000188.png,225,225,66,38,155,165
/content/drive/MyDrive/My_DL/S6/TakeHome/Image/Train/000194.png,151,333,172,1,204,41
/content/drive/MyDrive/My_DL/S6/TakeHome/Image/Train/000187.png,194,259,157,36,197,75
/content/drive/MyDrive/My_DL/S6/TakeHome/Image/Train/000192.png,171,296,115,14,168,81
/content/drive/MyDrive/My_DL/S6/TakeHome/Image/Train/000285.png,183,275,108,28,144,66
/content/drive/MyDrive/My_DL/S6/TakeHome/Image/Train/000286.png,168,299,108,19,158,62
/content/drive/MyDrive/My_DL/S6/TakeHome/Image/Train/000284.png,186,270,90,43,167,135
/content/drive/MyDrive/My_DL/S6/TakeHome/Image/Train/000280.png,168,300,120,25,176,81
/content/drive/MyDrive/My_DL/S6/TakeHome/Image/Train/000278.png,194,259,131,29,187,103
/content/drive/MyDrive/My_DL/S6/TakeHome/Image/Train/000281.png,194,259,107,23,147,70
/content/drive/MyDrive/My_DL/S6/TakeHome/Image/Train/000283.png,163,310,138,23,195,83
/content/drive/MyDrive/My_DL/S6/TakeHome/Image/Train/000279.png,194,259,142,9,168,32
/content/drive/MyDrive/My_DL/S6/TakeHome/Image/Train/000282.png,183,275,99,11,156,73
/content/drive/MyDrive/My_DL/S6/TakeHome/Image/Train/000277.png,163,309,140,7,191,68
/content/drive/MyDrive/My_DL/S6/TakeHome/Image/Train/000270.png,254,198,52,38,143,126
/content/drive/MyDrive/My_DL/S6/TakeHome/Image/Train/000272.png,168,299,88,12,125,42
/content/drive/MyDrive/My_DL/S6/TakeHome/Image/Train/000268.png,170,297,115,31,224,145
/content/drive/MyDrive/My_DL/S6/TakeHome/Image/Train/000274.png,190,265,75,17,101,46
/content/drive/MyDrive/My_DL/S6/TakeHome/Image/Train/000275.png,194,259,173,46,208,86
/content/drive/MyDrive/My_DL/S6/TakeHome/Image/Train/000273.png,197,256,73,40,140,108
/content/drive/MyDrive/My_DL/S6/TakeHome/Image/Train/000276.png,194,259,135,28,158,55
/content/drive/MyDrive/My_DL/S6/TakeHome/Image/Train/000269.png,182,277,165,94,202,134
/content/drive/MyDrive/My_DL/S6/TakeHome/Image/Train/000271.png,267,189,68,25,114,89
/content/drive/MyDrive/My_DL/S6/TakeHome/Image/Train/000267.png,168,300,182,27,239,89
/content/drive/MyDrive/My_DL/S6/TakeHome/Image/Train/000259.png,279,180,94,75,124,108
/content/drive/MyDrive/My_DL/S6/TakeHome/Image/Train/000260.png,168,300,179,51,210,86
/content/drive/MyDrive/My_DL/S6/TakeHome/Image/Train/000258.png,185,273,207,34,226,59
/content/drive/MyDrive/My_DL/S6/TakeHome/Image/Train/000257.png,163,310,169,15,209,58
/content/drive/MyDrive/My_DL/S6/TakeHome/Image/Train/000265.png,168,300,129,21,168,56
/content/drive/MyDrive/My_DL/S6/TakeHome/Image/Train/000264.png,184,274,97,19,122,42
/content/drive/MyDrive/My_DL/S6/TakeHome/Image/Train/000261.png,194,259,117,27,161,67
/content/drive/MyDrive/My_DL/S6/TakeHome/Image/Train/000266.png,183,275,148,27,179,46
/content/drive/MyDrive/My_DL/S6/TakeHome/Image/Train/000262.png,165,220,72,88,86,100
/content/drive/MyDrive/My_DL/S6/TakeHome/Image/Train/000256.png,170,297,124,45,147,72
/content/drive/MyDrive/My_DL/S6/TakeHome/Image/Train/000252.png,259,195,83,33,109,60
/content/drive/MyDrive/My_DL/S6/TakeHome/Image/Train/000247.png,194,259,113,25,149,61
/content/drive/MyDrive/My_DL/S6/TakeHome/Image/Train/000251.png,177,284,106,31,185,114
/content/drive/MyDrive/My_DL/S6/TakeHome/Image/Train/000253.png,168,300,141,61,176,94
/content/drive/MyDrive/My_DL/S6/TakeHome/Image/Train/000249.png,259,194,85,26,139,76
/content/drive/MyDrive/My_DL/S6/TakeHome/Image/Train/000254.png,194,259,105,62,152,119
/content/drive/MyDrive/My_DL/S6/TakeHome/Image/Train/000250.png,168,300,105,48,148,86
/content/drive/MyDrive/My_DL/S6/TakeHome/Image/Train/000248.png,183,275,114,45,152,86
/content/drive/MyDrive/My_DL/S6/TakeHome/Image/Train/000255.png,168,299,124,42,155,71
/content/drive/MyDrive/My_DL/S6/TakeHome/Image/Train/000246.png,167,301,75,14,141,82
/content/drive/MyDrive/My_DL/S6/TakeHome/Image/Train/000238.png,193,262,60,92,95,115
/content/drive/MyDrive/My_DL/S6/TakeHome/Image/Train/000239.png,168,300,142,17,169,42
/content/drive/MyDrive/My_DL/S6/TakeHome/Image/Train/000241.png,255,197,74,87,127,163
/content/drive/MyDrive/My_DL/S6/TakeHome/Image/Train/000242.png,168,300,100,23,144,60
/content/drive/MyDrive/My_DL/S6/TakeHome/Image/Train/000237.png,274,184,97,37,124,59
/content/drive/MyDrive/My_DL/S6/TakeHome/Image/Train/000245.png,262,193,91,67,116,94
/content/drive/MyDrive/My_DL/S6/TakeHome/Image/Train/000243.png,266,190,22,30,124,150
/content/drive/MyDrive/My_DL/S6/TakeHome/Image/Train/000244.png,181,279,127,18,171,57
/content/drive/MyDrive/My_DL/S6/TakeHome/Image/Train/000240.png,167,301,116,29,168,80
/content/drive/MyDrive/My_DL/S6/TakeHome/Image/Train/000236.png,168,300,72,34,137,103
/content/drive/MyDrive/My_DL/S6/TakeHome/Image/Train/000329.png,186,271,143,17,181,50
/content/drive/MyDrive/My_DL/S6/TakeHome/Image/Train/000323.png,259,194,86,24,136,72
/content/drive/MyDrive/My_DL/S6/TakeHome/Image/Train/000326.png,264,191,74,20,114,60
/content/drive/MyDrive/My_DL/S6/TakeHome/Image/Train/000321.png,270,187,107,72,129,99
/content/drive/MyDrive/My_DL/S6/TakeHome/Image/Train/000325.png,169,299,72,19,168,123
/content/drive/MyDrive/My_DL/S6/TakeHome/Image/Train/000324.png,275,183,50,39,143,136
/content/drive/MyDrive/My_DL/S6/TakeHome/Image/Train/000328.png,183,275,99,45,138,95
/content/drive/MyDrive/My_DL/S6/TakeHome/Image/Train/000327.png,183,275,127,4,152,29
/content/drive/MyDrive/My_DL/S6/TakeHome/Image/Train/000322.png,255,198,68,17,122,67
/content/drive/MyDrive/My_DL/S6/TakeHome/Image/Train/000320.png,266,190,26,30,128,153
/content/drive/MyDrive/My_DL/S6/TakeHome/Image/Train/000319.png,181,279,127,17,169,63
/content/drive/MyDrive/My_DL/S6/TakeHome/Image/Train/000312.png,224,225,36,8,60,28
/content/drive/MyDrive/My_DL/S6/TakeHome/Image/Train/000310.png,183,275,79,33,188,147
/content/drive/MyDrive/My_DL/S6/TakeHome/Image/Train/000311.png,194,259,108,39,145,83
/content/drive/MyDrive/My_DL/S6/TakeHome/Image/Train/000317.png,241,209,45,33,94,70
/content/drive/MyDrive/My_DL/S6/TakeHome/Image/Train/000318.png,280,180,104,31,145,75
/content/drive/MyDrive/My_DL/S6/TakeHome/Image/Train/000316.png,183,275,105,45,147,88
/content/drive/MyDrive/My_DL/S6/TakeHome/Image/Train/000314.png,176,286,40,43,103,109
/content/drive/MyDrive/My_DL/S6/TakeHome/Image/Train/000315.png,225,225,63,49,166,175
/content/drive/MyDrive/My_DL/S6/TakeHome/Image/Train/000313.png,169,299,150,21,180,59
/content/drive/MyDrive/My_DL/S6/TakeHome/Image/Train/000309.png,246,205,80,19,117,61
/content/drive/MyDrive/My_DL/S6/TakeHome/Image/Train/000304.png,183,275,141,36,171,63
/content/drive/MyDrive/My_DL/S6/TakeHome/Image/Train/000302.png,231,218,63,35,136,112
/content/drive/MyDrive/My_DL/S6/TakeHome/Image/Train/000305.png,169,299,90,26,185,142
/content/drive/MyDrive/My_DL/S6/TakeHome/Image/Train/000308.png,186,270,99,50,164,141
/content/drive/MyDrive/My_DL/S6/TakeHome/Image/Train/000303.png,225,225,68,32,157,168
/content/drive/MyDrive/My_DL/S6/TakeHome/Image/Train/000306.png,185,272,114,28,160,84
/content/drive/MyDrive/My_DL/S6/TakeHome/Image/Train/000307.png,293,172,53,28,98,59
/content/drive/MyDrive/My_DL/S6/TakeHome/Image/Train/000301.png,168,300,99,19,146,61
/content/drive/MyDrive/My_DL/S6/TakeHome/Image/Train/000300.png,181,279,109,37,176,102
/content/drive/MyDrive/My_DL/S6/TakeHome/Image/Train/000299.png,271,186,60,18,123,117
/content/drive/MyDrive/My_DL/S6/TakeHome/Image/Train/000288.png,175,287,84,17,122,60
/content/drive/MyDrive/My_DL/S6/TakeHome/Image/Train/000298.png,194,259,110,52,155,97
/content/drive/MyDrive/My_DL/S6/TakeHome/Image/Train/000291.png,168,299,164,30,193,54
/content/drive/MyDrive/My_DL/S6/TakeHome/Image/Train/000294.png,168,300,129,20,164,61
/content/drive/MyDrive/My_DL/S6/TakeHome/Image/Train/000295.png,177,284,37,18,104,83
/content/drive/MyDrive/My_DL/S6/TakeHome/Image/Train/000290.png,231,218,96,27,162,90
/content/drive/MyDrive/My_DL/S6/TakeHome/Image/Train/000297.png,168,299,138,38,182,82
/content/drive/MyDrive/My_DL/S6/TakeHome/Image/Train/000289.png,168,300,117,29,188,110
/content/drive/MyDrive/My_DL/S6/TakeHome/Image/Train/000293.png,183,275,115,47,144,74
/content/drive/MyDrive/My_DL/S6/TakeHome/Image/Train/000287.png,173,292,94,39,130,79
/content/drive/MyDrive/My_DL/S6/TakeHome/Image/Train/000385.png,183,275,133,16,178,56
/content/drive/MyDrive/My_DL/S6/TakeHome/Image/Train/000381.png,275,184,68,22,117,83
/content/drive/MyDrive/My_DL/S6/TakeHome/Image/Train/000373.png,168,300,146,28,183,67
/content/drive/MyDrive/My_DL/S6/TakeHome/Image/Train/000372.png,194,259,106,65,149,115
/content/drive/MyDrive/My_DL/S6/TakeHome/Image/Train/000375.png,168,300,113,17,182,92
/content/drive/MyDrive/My_DL/S6/TakeHome/Image/Train/000374.png,196,257,120,30,139,51
/content/drive/MyDrive/My_DL/S6/TakeHome/Image/Train/000379.png,192,160,27,51,146,184
/content/drive/MyDrive/My_DL/S6/TakeHome/Image/Train/000380.png,168,300,155,10,205,60
/content/drive/MyDrive/My_DL/S6/TakeHome/Image/Train/000378.png,168,300,75,36,141,102
/content/drive/MyDrive/My_DL/S6/TakeHome/Image/Train/000377.png,194,259,136,30,159,53
/content/drive/MyDrive/My_DL/S6/TakeHome/Image/Train/000376.png,169,298,133,16,167,52
/content/drive/MyDrive/My_DL/S6/TakeHome/Image/Train/000371.png,200,252,113,11,137,39
/content/drive/MyDrive/My_DL/S6/TakeHome/Image/Train/000363.png,186,271,98,40,238,175
/content/drive/MyDrive/My_DL/S6/TakeHome/Image/Train/000368.png,186,272,92,42,183,156
/content/drive/MyDrive/My_DL/S6/TakeHome/Image/Train/000369.png,204,246,88,23,129,63
/content/drive/MyDrive/My_DL/S6/TakeHome/Image/Train/000362.png,236,214,58,33,151,140
/content/drive/MyDrive/My_DL/S6/TakeHome/Image/Train/000367.png,168,300,175,13,222,59
/content/drive/MyDrive/My_DL/S6/TakeHome/Image/Train/000370.png,225,225,68,23,140,102
/content/drive/MyDrive/My_DL/S6/TakeHome/Image/Train/000364.png,165,220,78,39,104,58
/content/drive/MyDrive/My_DL/S6/TakeHome/Image/Train/000365.png,168,300,30,31,95,89
/content/drive/MyDrive/My_DL/S6/TakeHome/Image/Train/000366.png,168,300,,,,
/content/drive/MyDrive/My_DL/S6/TakeHome/Image/Train/000361.png,174,290,155,16,198,58
/content/drive/MyDrive/My_DL/S6/TakeHome/Image/Train/000360.png,194,259,113,50,153,96
/content/drive/MyDrive/My_DL/S6/TakeHome/Image/Train/000352.png,168,300,171,75,29,34
/content/drive/MyDrive/My_DL/S6/TakeHome/Image/Train/000355.png,168,299,133,63,177,115
/content/drive/MyDrive/My_DL/S6/TakeHome/Image/Train/000353.png,178,284,134,20,191,87
/content/drive/MyDrive/My_DL/S6/TakeHome/Image/Train/000351.png,194,259,144,8,170,41
/content/drive/MyDrive/My_DL/S6/TakeHome/Image/Train/000359.png,163,310,126,25,163,64
/content/drive/MyDrive/My_DL/S6/TakeHome/Image/Train/000357.png,188,268,81,47,183,139
/content/drive/MyDrive/My_DL/S6/TakeHome/Image/Train/000350.png,194,259,214,25,243,51
/content/drive/MyDrive/My_DL/S6/TakeHome/Image/Train/000356.png,176,286,50,35,96,76
/content/drive/MyDrive/My_DL/S6/TakeHome/Image/Train/000349.png,163,310,142,52,190,105
/content/drive/MyDrive/My_DL/S6/TakeHome/Image/Train/000341.png,225,225,102,39,174,129
/content/drive/MyDrive/My_DL/S6/TakeHome/Image/Train/000348.png,275,183,70,68,96,94
/content/drive/MyDrive/My_DL/S6/TakeHome/Image/Train/000342.png,168,300,173,54,214,91
/content/drive/MyDrive/My_DL/S6/TakeHome/Image/Train/000343.png,171,295,102,30,205,131
/content/drive/MyDrive/My_DL/S6/TakeHome/Image/Train/000347.png,168,300,114,39,162,87
/content/drive/MyDrive/My_DL/S6/TakeHome/Image/Train/000346.png,256,197,63,33,102,71
/content/drive/MyDrive/My_DL/S6/TakeHome/Image/Train/000345.png,255,198,81,46,111,79
/content/drive/MyDrive/My_DL/S6/TakeHome/Image/Train/000340.png,189,267,62,28,134,109
/content/drive/MyDrive/My_DL/S6/TakeHome/Image/Train/000344.png,197,255,112,38,170,100
/content/drive/MyDrive/My_DL/S6/TakeHome/Image/Train/000339.png,183,275,120,14,164,60
/content/drive/MyDrive/My_DL/S6/TakeHome/Image/Train/000336.png,168,300,175,19,242,83
/content/drive/MyDrive/My_DL/S6/TakeHome/Image/Train/000332.png,255,197,75,86,126,156
/content/drive/MyDrive/My_DL/S6/TakeHome/Image/Train/000337.png,167,301,92,19,141,76
/content/drive/MyDrive/My_DL/S6/TakeHome/Image/Train/000335.png,183,275,98,55,135,88
/content/drive/MyDrive/My_DL/S6/TakeHome/Image/Train/000334.png,164,308,83,20,111,42
/content/drive/MyDrive/My_DL/S6/TakeHome/Image/Train/000331.png,254,198,51,37,125,106
/content/drive/MyDrive/My_DL/S6/TakeHome/Image/Train/000330.png,183,275,123,61,154,96
/content/drive/MyDrive/My_DL/S6/TakeHome/Image/Train/000338.png,177,284,37,15,112,88
/content/drive/MyDrive/My_DL/S6/TakeHome/Image/Train/000333.png,168,300,183,20,234,91
/content/drive/MyDrive/My_DL/S6/TakeHome/Image/Train/000435.png,168,299,94,8,126,40
/content/drive/MyDrive/My_DL/S6/TakeHome/Image/Train/000433.png,194,259,121,19,157,51
/content/drive/MyDrive/My_DL/S6/TakeHome/Image/Train/000427.png,275,183,108,14,139,49
/content/drive/MyDrive/My_DL/S6/TakeHome/Image/Train/000430.png,184,274,104,33,153,89
/content/drive/MyDrive/My_DL/S6/TakeHome/Image/Train/000432.png,211,239,87,74,141,125
/content/drive/MyDrive/My_DL/S6/TakeHome/Image/Train/000428.png,275,183,85,83,138,151
/content/drive/MyDrive/My_DL/S6/TakeHome/Image/Train/000431.png,248,204,94,11,120,38
/content/drive/MyDrive/My_DL/S6/TakeHome/Image/Train/000425.png,213,236,104,23,123,40
/content/drive/MyDrive/My_DL/S6/TakeHome/Image/Train/000429.png,244,206,41,19,100,65
/content/drive/MyDrive/My_DL/S6/TakeHome/Image/Train/000424.png,195,259,117,31,238,141
/content/drive/MyDrive/My_DL/S6/TakeHome/Image/Train/000426.png,168,300,166,17,250,108
/content/drive/MyDrive/My_DL/S6/TakeHome/Image/Train/000423.png,202,249,136,15,175,50
/content/drive/MyDrive/My_DL/S6/TakeHome/Image/Train/000414.png,194,259,62,33,134,109
/content/drive/MyDrive/My_DL/S6/TakeHome/Image/Train/000419.png,183,275,76,23,133,104
/content/drive/MyDrive/My_DL/S6/TakeHome/Image/Train/000416.png,194,259,126,37,204,118
/content/drive/MyDrive/My_DL/S6/TakeHome/Image/Train/000418.png,183,275,85,21,135,83
/content/drive/MyDrive/My_DL/S6/TakeHome/Image/Train/000413.png,243,207,86,23,135,65
/content/drive/MyDrive/My_DL/S6/TakeHome/Image/Train/000420.png,275,183,76,86,127,150
/content/drive/MyDrive/My_DL/S6/TakeHome/Image/Train/000422.png,245,206,32,46,91,99
/content/drive/MyDrive/My_DL/S6/TakeHome/Image/Train/000421.png,223,226,178,29,216,80
/content/drive/MyDrive/My_DL/S6/TakeHome/Image/Train/000415.png,194,259,141,12,174,49
/content/drive/MyDrive/My_DL/S6/TakeHome/Image/Train/000412.png,146,345,168,23,189,51
/content/drive/MyDrive/My_DL/S6/TakeHome/Image/Train/000402.png,168,299,147,42,201,105
/content/drive/MyDrive/My_DL/S6/TakeHome/Image/Train/000404.png,251,201,110,9,131,43
/content/drive/MyDrive/My_DL/S6/TakeHome/Image/Train/000406.png,217,233,78,29,118,75
/content/drive/MyDrive/My_DL/S6/TakeHome/Image/Train/000410.png,194,259,102,43,136,87
/content/drive/MyDrive/My_DL/S6/TakeHome/Image/Train/000408.png,168,299,217,31,276,91
/content/drive/MyDrive/My_DL/S6/TakeHome/Image/Train/000407.png,183,275,61,17,115,65
/content/drive/MyDrive/My_DL/S6/TakeHome/Image/Train/000411.png,183,275,107,24,144,69
/content/drive/MyDrive/My_DL/S6/TakeHome/Image/Train/000403.png,168,300,113,17,163,75
/content/drive/MyDrive/My_DL/S6/TakeHome/Image/Train/000405.png,194,259,75,51,135,111
/content/drive/MyDrive/My_DL/S6/TakeHome/Image/Train/000401.png,194,259,66,35,124,95
/content/drive/MyDrive/My_DL/S6/TakeHome/Image/Train/000394.png,206,245,129,24,186,73
/content/drive/MyDrive/My_DL/S6/TakeHome/Image/Train/000395.png,194,259,111,25,166,72
/content/drive/MyDrive/My_DL/S6/TakeHome/Image/Train/000398.png,183,275,88,18,159,68
/content/drive/MyDrive/My_DL/S6/TakeHome/Image/Train/000399.png,173,292,85,36,132,87
/content/drive/MyDrive/My_DL/S6/TakeHome/Image/Train/000396.png,194,259,63,33,196,133
/content/drive/MyDrive/My_DL/S6/TakeHome/Image/Train/000393.png,194,259,99,21,156,70
/content/drive/MyDrive/My_DL/S6/TakeHome/Image/Train/000400.png,168,300,104,16,153,65
/content/drive/MyDrive/My_DL/S6/TakeHome/Image/Train/000397.png,168,300,107,13,151,56
/content/drive/MyDrive/My_DL/S6/TakeHome/Image/Train/000392.png,168,300,116,30,179,91
/content/drive/MyDrive/My_DL/S6/TakeHome/Image/Train/000391.png,167,301,120,35,173,96
/content/drive/MyDrive/My_DL/S6/TakeHome/Image/Train/000388.png,249,203,96,25,136,76
/content/drive/MyDrive/My_DL/S6/TakeHome/Image/Train/000387.png,168,300,144,57,182,95
/content/drive/MyDrive/My_DL/S6/TakeHome/Image/Train/000384.png,187,269,56,43,166,138
/content/drive/MyDrive/My_DL/S6/TakeHome/Image/Train/000390.png,174,290,108,33,185,100
/content/drive/MyDrive/My_DL/S6/TakeHome/Image/Train/000382.png,173,292,76,20,107,56
/content/drive/MyDrive/My_DL/S6/TakeHome/Image/Train/000386.png,243,207,82,26,135,65
/content/drive/MyDrive/My_DL/S6/TakeHome/Image/Train/000389.png,183,275,125,45,204,124
/content/drive/MyDrive/My_DL/S6/TakeHome/Image/Train/000383.png,163,310,92,21,228,154
/content/drive/MyDrive/My_DL/S6/TakeHome/Image/Train/000493.png,200,252,189,28,223,65
/content/drive/MyDrive/My_DL/S6/TakeHome/Image/Train/000490.png,194,259,111,4,139,27
/content/drive/MyDrive/My_DL/S6/TakeHome/Image/Train/000487.png,188,268,139,94,157,121
/content/drive/MyDrive/My_DL/S6/TakeHome/Image/Train/000488.png,177,284,90,19,111,42
/content/drive/MyDrive/My_DL/S6/TakeHome/Image/Train/000491.png,196,257,65,5,113,67
/content/drive/MyDrive/My_DL/S6/TakeHome/Image/Train/000489.png,180,270,108,23,170,86
/content/drive/MyDrive/My_DL/S6/TakeHome/Image/Train/000485.png,171,296,109,19,180,71
/content/drive/MyDrive/My_DL/S6/TakeHome/Image/Train/000484.png,177,284,200,42,225,78
/content/drive/MyDrive/My_DL/S6/TakeHome/Image/Train/000492.png,252,200,12,25,79,99
/content/drive/MyDrive/My_DL/S6/TakeHome/Image/Train/000486.png,169,299,177,17,242,76
/content/drive/MyDrive/My_DL/S6/TakeHome/Image/Train/000483.png,275,183,86,22,129,75
/content/drive/MyDrive/My_DL/S6/TakeHome/Image/Train/000473.png,194,259,115,22,169,83
/content/drive/MyDrive/My_DL/S6/TakeHome/Image/Train/000475.png,275,183,69,77,135,150
/content/drive/MyDrive/My_DL/S6/TakeHome/Image/Train/000478.png,184,275,124,12,149,50
/content/drive/MyDrive/My_DL/S6/TakeHome/Image/Train/000479.png,188,268,17,19,72,74
/content/drive/MyDrive/My_DL/S6/TakeHome/Image/Train/000481.png,194,259,143,9,182,55
/content/drive/MyDrive/My_DL/S6/TakeHome/Image/Train/000476.png,169,299,103,43,141,82
/content/drive/MyDrive/My_DL/S6/TakeHome/Image/Train/000482.png,275,183,42,34,101,107
/content/drive/MyDrive/My_DL/S6/TakeHome/Image/Train/000477.png,176,286,53,26,95,82
/content/drive/MyDrive/My_DL/S6/TakeHome/Image/Train/000480.png,168,300,45,160,238,18
/content/drive/MyDrive/My_DL/S6/TakeHome/Image/Train/000472.png,225,225,63,28,142,95
/content/drive/MyDrive/My_DL/S6/TakeHome/Image/Train/000464.png,168,299,165,1,205,39
/content/drive/MyDrive/My_DL/S6/TakeHome/Image/Train/000457.png,167,301,116,48,163,83
/content/drive/MyDrive/My_DL/S6/TakeHome/Image/Train/000469.png,175,288,201,33,282,124
/content/drive/MyDrive/My_DL/S6/TakeHome/Image/Train/000470.png,200,252,68,24,121,68
/content/drive/MyDrive/My_DL/S6/TakeHome/Image/Train/000465.png,178,284,26,33,85,96
/content/drive/MyDrive/My_DL/S6/TakeHome/Image/Train/000460.png,189,267,68,33,138,114
/content/drive/MyDrive/My_DL/S6/TakeHome/Image/Train/000461.png,280,180,25,37,108,111
/content/drive/MyDrive/My_DL/S6/TakeHome/Image/Train/000467.png,172,293,154,23,206,81
/content/drive/MyDrive/My_DL/S6/TakeHome/Image/Train/000466.png,275,183,47,17,100,80
/content/drive/MyDrive/My_DL/S6/TakeHome/Image/Train/000456.png,196,257,157,19,204,78
/content/drive/MyDrive/My_DL/S6/TakeHome/Image/Train/000454.png,177,284,63,27,114,74
/content/drive/MyDrive/My_DL/S6/TakeHome/Image/Train/000447.png,225,225,65,18,141,112
/content/drive/MyDrive/My_DL/S6/TakeHome/Image/Train/000453.png,193,261,173,27,236,99
/content/drive/MyDrive/My_DL/S6/TakeHome/Image/Train/000452.png,275,183,50,11,78,47
/content/drive/MyDrive/My_DL/S6/TakeHome/Image/Train/000451.png,225,225,154,49,173,69
/content/drive/MyDrive/My_DL/S6/TakeHome/Image/Train/000455.png,180,280,104,17,129,48
/content/drive/MyDrive/My_DL/S6/TakeHome/Image/Train/000449.png,276,182,95,63,139,100
/content/drive/MyDrive/My_DL/S6/TakeHome/Image/Train/000450.png,251,201,99,13,128,42
/content/drive/MyDrive/My_DL/S6/TakeHome/Image/Train/000448.png,141,236,117,19,155,63
/content/drive/MyDrive/My_DL/S6/TakeHome/Image/Train/000446.png,194,259,80,8,138,81
/content/drive/MyDrive/My_DL/S6/TakeHome/Image/Train/000440.png,198,254,118,21,172,86
/content/drive/MyDrive/My_DL/S6/TakeHome/Image/Train/000434.png,168,300,143,13,175,62
/content/drive/MyDrive/My_DL/S6/TakeHome/Image/Train/000441.png,168,300,62,11,87,37
/content/drive/MyDrive/My_DL/S6/TakeHome/Image/Train/000444.png,275,183,97,84,137,143
/content/drive/MyDrive/My_DL/S6/TakeHome/Image/Train/000445.png,194,259,126,57,175,116
/content/drive/MyDrive/My_DL/S6/TakeHome/Image/Train/000443.png,162,311,121,36,197,115
/content/drive/MyDrive/My_DL/S6/TakeHome/Image/Train/000436.png,234,215,110,16,139,51
/content/drive/MyDrive/My_DL/S6/TakeHome/Image/Train/000439.png,259,194,60,53,93,102
/content/drive/MyDrive/My_DL/S6/TakeHome/Image/Train/000549.png,225,225,102,28,178,120
/content/drive/MyDrive/My_DL/S6/TakeHome/Image/Train/000552.png,224,225,113,34,165,87
/content/drive/MyDrive/My_DL/S6/TakeHome/Image/Train/000553.png,197,256,95,13,121,49
/content/drive/MyDrive/My_DL/S6/TakeHome/Image/Train/000551.png,182,276,31,26,84,74
/content/drive/MyDrive/My_DL/S6/TakeHome/Image/Train/000548.png,186,272,123,99,142,117
/content/drive/MyDrive/My_DL/S6/TakeHome/Image/Train/000546.png,198,254,105,18,134,43
/content/drive/MyDrive/My_DL/S6/TakeHome/Image/Train/000554.png,248,203,23,21,55,40
/content/drive/MyDrive/My_DL/S6/TakeHome/Image/Train/000547.png,168,300,101,40,160,111
/content/drive/MyDrive/My_DL/S6/TakeHome/Image/Train/000550.png,194,259,142,142,13,13
/content/drive/MyDrive/My_DL/S6/TakeHome/Image/Train/000545.png,237,213,77,74,126,143
/content/drive/MyDrive/My_DL/S6/TakeHome/Image/Train/000534.png,194,259,123,32,161,70
/content/drive/MyDrive/My_DL/S6/TakeHome/Image/Train/000543.png,168,299,158,44,186,74
/content/drive/MyDrive/My_DL/S6/TakeHome/Image/Train/000540.png,183,275,146,32,172,65
/content/drive/MyDrive/My_DL/S6/TakeHome/Image/Train/000542.png,194,259,17,41,126,154
/content/drive/MyDrive/My_DL/S6/TakeHome/Image/Train/000537.png,283,178,68,41,114,80
/content/drive/MyDrive/My_DL/S6/TakeHome/Image/Train/000536.png,181,279,164,17,196,58
/content/drive/MyDrive/My_DL/S6/TakeHome/Image/Train/000544.png,194,259,113,43,189,126
/content/drive/MyDrive/My_DL/S6/TakeHome/Image/Train/000541.png,197,255,116,32,169,97
/content/drive/MyDrive/My_DL/S6/TakeHome/Image/Train/000538.png,183,275,73,70,105,93
/content/drive/MyDrive/My_DL/S6/TakeHome/Image/Train/000533.png,169,299,156,19,205,69
/content/drive/MyDrive/My_DL/S6/TakeHome/Image/Train/000527.png,170,297,88,44,197,149
/content/drive/MyDrive/My_DL/S6/TakeHome/Image/Train/000529.png,224,225,7,39,98,175
/content/drive/MyDrive/My_DL/S6/TakeHome/Image/Train/000523.png,194,259,37,15,73,48
/content/drive/MyDrive/My_DL/S6/TakeHome/Image/Train/000525.png,177,284,62,25,118,75
/content/drive/MyDrive/My_DL/S6/TakeHome/Image/Train/000526.png,194,259,145,37,162,57
/content/drive/MyDrive/My_DL/S6/TakeHome/Image/Train/000532.png,183,275,88,29,155,92
/content/drive/MyDrive/My_DL/S6/TakeHome/Image/Train/000528.png,169,299,51,7,82,39
/content/drive/MyDrive/My_DL/S6/TakeHome/Image/Train/000531.png,225,224,14,42,208,203
/content/drive/MyDrive/My_DL/S6/TakeHome/Image/Train/000530.png,213,236,105,26,120,42
/content/drive/MyDrive/My_DL/S6/TakeHome/Image/Train/000522.png,172,293,133,61,168,101
/content/drive/MyDrive/My_DL/S6/TakeHome/Image/Train/000517.png,181,278,177,41,230,83
/content/drive/MyDrive/My_DL/S6/TakeHome/Image/Train/000508.png,194,259,37,27,74,74
/content/drive/MyDrive/My_DL/S6/TakeHome/Image/Train/000521.png,194,259,108,21,130,49
/content/drive/MyDrive/My_DL/S6/TakeHome/Image/Train/000511.png,178,283,143,32,194,87
/content/drive/MyDrive/My_DL/S6/TakeHome/Image/Train/000520.png,175,287,105,37,167,80
/content/drive/MyDrive/My_DL/S6/TakeHome/Image/Train/000512.png,243,207,62,16,104,64
/content/drive/MyDrive/My_DL/S6/TakeHome/Image/Train/000518.png,168,299,62,26,109,71
/content/drive/MyDrive/My_DL/S6/TakeHome/Image/Train/000519.png,168,300,167,53,199,94
/content/drive/MyDrive/My_DL/S6/TakeHome/Image/Train/000515.png,163,310,172,37,203,63
/content/drive/MyDrive/My_DL/S6/TakeHome/Image/Train/000510.png,183,275,179,23,252,99
/content/drive/MyDrive/My_DL/S6/TakeHome/Image/Train/000499.png,186,271,87,32,242,179
/content/drive/MyDrive/My_DL/S6/TakeHome/Image/Train/000506.png,194,259,65,42,102,93
/content/drive/MyDrive/My_DL/S6/TakeHome/Image/Train/000495.png,254,198,53,37,124,110
/content/drive/MyDrive/My_DL/S6/TakeHome/Image/Train/000503.png,194,259,45,29,73,58
/content/drive/MyDrive/My_DL/S6/TakeHome/Image/Train/000505.png,225,225,40,38,37,14
/content/drive/MyDrive/My_DL/S6/TakeHome/Image/Train/000497.png,275,183,42,42,140,138
/content/drive/MyDrive/My_DL/S6/TakeHome/Image/Train/000494.png,187,270,137,58,203,133
/content/drive/MyDrive/My_DL/S6/TakeHome/Image/Train/000498.png,243,207,129,41,170,78
/content/drive/MyDrive/My_DL/S6/TakeHome/Image/Train/000504.png,194,259,168,17,210,55
/content/drive/MyDrive/My_DL/S6/TakeHome/Image/Train/000615.png,225,225,46,192,161,0
/content/drive/MyDrive/My_DL/S6/TakeHome/Image/Train/000606.png,194,259,132,20,183,79
/content/drive/MyDrive/My_DL/S6/TakeHome/Image/Train/000603.png,168,300,18,74,37,88
/content/drive/MyDrive/My_DL/S6/TakeHome/Image/Train/000604.png,243,207,62,18,106,65
/content/drive/MyDrive/My_DL/S6/TakeHome/Image/Train/000605.png,194,259,67,41,137,127
/content/drive/MyDrive/My_DL/S6/TakeHome/Image/Train/000601.png,169,299,167,8,34,24
/content/drive/MyDrive/My_DL/S6/TakeHome/Image/Train/000598.png,177,284,111,13,155,66
/content/drive/MyDrive/My_DL/S6/TakeHome/Image/Train/000602.png,181,279,166,20,244,91
/content/drive/MyDrive/My_DL/S6/TakeHome/Image/Train/000600.png,176,286,32,39,82,86
/content/drive/MyDrive/My_DL/S6/TakeHome/Image/Train/000597.png,172,293,95,11,147,52
/content/drive/MyDrive/My_DL/S6/TakeHome/Image/Train/000596.png,267,189,71,51,104,86
/content/drive/MyDrive/My_DL/S6/TakeHome/Image/Train/000594.png,183,275,94,24,118,49
/content/drive/MyDrive/My_DL/S6/TakeHome/Image/Train/000593.png,181,278,99,51,135,95
/content/drive/MyDrive/My_DL/S6/TakeHome/Image/Train/000591.png,190,265,91,61,141,103
/content/drive/MyDrive/My_DL/S6/TakeHome/Image/Train/000590.png,184,236,160,31,186,51
/content/drive/MyDrive/My_DL/S6/TakeHome/Image/Train/000588.png,194,259,113,38,145,77
/content/drive/MyDrive/My_DL/S6/TakeHome/Image/Train/000589.png,169,299,128,48,183,141
/content/drive/MyDrive/My_DL/S6/TakeHome/Image/Train/000585.png,186,271,,,,
/content/drive/MyDrive/My_DL/S6/TakeHome/Image/Train/000592.png,167,302,91,21,147,64
/content/drive/MyDrive/My_DL/S6/TakeHome/Image/Train/000587.png,194,259,39,28,143,106
/content/drive/MyDrive/My_DL/S6/TakeHome/Image/Train/000586.png,206,244,189,127,82,41
/content/drive/MyDrive/My_DL/S6/TakeHome/Image/Train/000584.png,196,257,54,25,116,77
/content/drive/MyDrive/My_DL/S6/TakeHome/Image/Train/000572.png,169,299,130,28,170,92
/content/drive/MyDrive/My_DL/S6/TakeHome/Image/Train/000583.png,167,302,24,29,48,59
/content/drive/MyDrive/My_DL/S6/TakeHome/Image/Train/000573.png,181,279,195,38,216,59
/content/drive/MyDrive/My_DL/S6/TakeHome/Image/Train/000576.png,225,225,70,20,116,69
/content/drive/MyDrive/My_DL/S6/TakeHome/Image/Train/000574.png,188,268,112,34,145,66
/content/drive/MyDrive/My_DL/S6/TakeHome/Image/Train/000571.png,187,270,132,60,210,129
/content/drive/MyDrive/My_DL/S6/TakeHome/Image/Train/000578.png,168,299,161,18,192,44
/content/drive/MyDrive/My_DL/S6/TakeHome/Image/Train/000581.png,181,279,90,39,178,143
/content/drive/MyDrive/My_DL/S6/TakeHome/Image/Train/000577.png,173,291,129,26,153,50
/content/drive/MyDrive/My_DL/S6/TakeHome/Image/Train/000570.png,177,284,186,52,203,67
/content/drive/MyDrive/My_DL/S6/TakeHome/Image/Train/000566.png,194,259,70,45,129,114
/content/drive/MyDrive/My_DL/S6/TakeHome/Image/Train/000562.png,177,284,126,5,148,29
/content/drive/MyDrive/My_DL/S6/TakeHome/Image/Train/000564.png,172,293,85,29,184,141
/content/drive/MyDrive/My_DL/S6/TakeHome/Image/Train/000559.png,183,275,104,10,132,43
/content/drive/MyDrive/My_DL/S6/TakeHome/Image/Train/000556.png,186,270,68,29,174,145
/content/drive/MyDrive/My_DL/S6/TakeHome/Image/Train/000560.png,192,263,44,30,71,57
/content/drive/MyDrive/My_DL/S6/TakeHome/Image/Train/000569.png,183,275,112,13,127,33
/content/drive/MyDrive/My_DL/S6/TakeHome/Image/Train/000563.png,169,299,171,11,243,67
/content/drive/MyDrive/My_DL/S6/TakeHome/Image/Train/000565.png,194,259,113,76,146,115
/content/drive/MyDrive/My_DL/S6/TakeHome/Image/Train/000555.png,257,196,85,47,140,95
/content/drive/MyDrive/My_DL/S6/TakeHome/Image/Train/000659.png,265,190,90,9,129,52
/content/drive/MyDrive/My_DL/S6/TakeHome/Image/Train/000651.png,243,207,85,22,141,82
/content/drive/MyDrive/My_DL/S6/TakeHome/Image/Train/000652.png,167,301,173,25,215,63
/content/drive/MyDrive/My_DL/S6/TakeHome/Image/Train/000656.png,168,299,129,54,169,110
/content/drive/MyDrive/My_DL/S6/TakeHome/Image/Train/000654.png,209,242,62,9,114,59
/content/drive/MyDrive/My_DL/S6/TakeHome/Image/Train/000657.png,183,275,197,35,241,70
/content/drive/MyDrive/My_DL/S6/TakeHome/Image/Train/000650.png,195,258,151,11,171,38
/content/drive/MyDrive/My_DL/S6/TakeHome/Image/Train/000658.png,194,259,88,57,118,91
/content/drive/MyDrive/My_DL/S6/TakeHome/Image/Train/000655.png,275,183,89,164,106,175
/content/drive/MyDrive/My_DL/S6/TakeHome/Image/Train/000649.png,168,300,102,17,145,65
/content/drive/MyDrive/My_DL/S6/TakeHome/Image/Train/000648.png,183,276,186,34,223,70
/content/drive/MyDrive/My_DL/S6/TakeHome/Image/Train/000645.png,194,259,88,39,131,70
/content/drive/MyDrive/My_DL/S6/TakeHome/Image/Train/000643.png,169,299,6,4,42,33
/content/drive/MyDrive/My_DL/S6/TakeHome/Image/Train/000647.png,194,259,97,43,123,70
/content/drive/MyDrive/My_DL/S6/TakeHome/Image/Train/000640.png,185,273,98,42,129,78
/content/drive/MyDrive/My_DL/S6/TakeHome/Image/Train/000639.png,181,279,119,59,178,131
/content/drive/MyDrive/My_DL/S6/TakeHome/Image/Train/000641.png,163,310,173,19,206,44
/content/drive/MyDrive/My_DL/S6/TakeHome/Image/Train/000642.png,183,276,67,46,100,84
/content/drive/MyDrive/My_DL/S6/TakeHome/Image/Train/000646.png,174,289,108,40,177,105
/content/drive/MyDrive/My_DL/S6/TakeHome/Image/Train/000644.png,181,279,49,13,96,54
/content/drive/MyDrive/My_DL/S6/TakeHome/Image/Train/000638.png,194,259,85,76,131,115
/content/drive/MyDrive/My_DL/S6/TakeHome/Image/Train/000629.png,177,284,191,47,206,70
/content/drive/MyDrive/My_DL/S6/TakeHome/Image/Train/000627.png,153,329,107,17,176,104
/content/drive/MyDrive/My_DL/S6/TakeHome/Image/Train/000631.png,194,259,41,35,98,119
/content/drive/MyDrive/My_DL/S6/TakeHome/Image/Train/000637.png,198,254,79,32,135,75
/content/drive/MyDrive/My_DL/S6/TakeHome/Image/Train/000636.png,268,188,71,21,102,61
/content/drive/MyDrive/My_DL/S6/TakeHome/Image/Train/000628.png,275,183,47,5,82,40
/content/drive/MyDrive/My_DL/S6/TakeHome/Image/Train/000633.png,275,183,48,40,140,151
/content/drive/MyDrive/My_DL/S6/TakeHome/Image/Train/000630.png,168,300,144,34,203,107
/content/drive/MyDrive/My_DL/S6/TakeHome/Image/Train/000632.png,183,275,144,26,221,110
/content/drive/MyDrive/My_DL/S6/TakeHome/Image/Train/000626.png,175,288,20,17,76,68
/content/drive/MyDrive/My_DL/S6/TakeHome/Image/Train/000618.png,172,293,103,12,143,49
/content/drive/MyDrive/My_DL/S6/TakeHome/Image/Train/000619.png,251,200,111,41,145,82
/content/drive/MyDrive/My_DL/S6/TakeHome/Image/Train/000617.png,167,301,59,22,114,63
/content/drive/MyDrive/My_DL/S6/TakeHome/Image/Train/000620.png,194,259,135,9,176,53
/content/drive/MyDrive/My_DL/S6/TakeHome/Image/Train/000623.png,155,324,202,29,255,72
/content/drive/MyDrive/My_DL/S6/TakeHome/Image/Train/000621.png,175,288,113,22,169,87
/content/drive/MyDrive/My_DL/S6/TakeHome/Image/Train/000625.png,172,294,146,20,190,55
/content/drive/MyDrive/My_DL/S6/TakeHome/Image/Train/000622.png,260,194,124,53,149,85
/content/drive/MyDrive/My_DL/S6/TakeHome/Image/Train/000624.png,194,259,52,19,95,52
/content/drive/MyDrive/My_DL/S6/TakeHome/Image/Train/000616.png,167,301,80,19,139,73
/content/drive/MyDrive/My_DL/S6/TakeHome/Image/Train/000609.png,214,235,128,21,166,56
/content/drive/MyDrive/My_DL/S6/TakeHome/Image/Train/000614.png,168,300,129,13,167,41
/content/drive/MyDrive/My_DL/S6/TakeHome/Image/Train/000608.png,194,259,61,31,127,95
/content/drive/MyDrive/My_DL/S6/TakeHome/Image/Train/000613.png,183,275,99,14,134,43
/content/drive/MyDrive/My_DL/S6/TakeHome/Image/Train/000611.png,189,267,56,33,128,112
/content/drive/MyDrive/My_DL/S6/TakeHome/Image/Train/000612.png,207,243,68,16,140,82
/content/drive/MyDrive/My_DL/S6/TakeHome/Image/Train/000610.png,183,275,137,56,176,85
/content/drive/MyDrive/My_DL/S6/TakeHome/Image/Train/000607.png,180,279,,,,
/content/drive/MyDrive/My_DL/S6/TakeHome/Image/Train/000718.png,211,239,88,73,139,131
/content/drive/MyDrive/My_DL/S6/TakeHome/Image/Train/000714.png,259,194,3,88,77,182
/content/drive/MyDrive/My_DL/S6/TakeHome/Image/Train/000711.png,194,259,119,51,191,119
/content/drive/MyDrive/My_DL/S6/TakeHome/Image/Train/000707.png,194,259,170,1,258,122
/content/drive/MyDrive/My_DL/S6/TakeHome/Image/Train/000715.png,243,207,64,16,103,63
/content/drive/MyDrive/My_DL/S6/TakeHome/Image/Train/000709.png,168,300,156,24,226,91
/content/drive/MyDrive/My_DL/S6/TakeHome/Image/Train/000717.png,225,225,88,22,124,63
/content/drive/MyDrive/My_DL/S6/TakeHome/Image/Train/000713.png,251,200,44,62,169,196
/content/drive/MyDrive/My_DL/S6/TakeHome/Image/Train/000708.png,225,225,79,44,171,168
/content/drive/MyDrive/My_DL/S6/TakeHome/Image/Train/000716.png,226,223,87,120,140,185
/content/drive/MyDrive/My_DL/S6/TakeHome/Image/Train/000705.png,259,194,59,55,90,98
/content/drive/MyDrive/My_DL/S6/TakeHome/Image/Train/000696.png,169,299,64,12,124,73
/content/drive/MyDrive/My_DL/S6/TakeHome/Image/Train/000695.png,252,200,48,48,101,101
/content/drive/MyDrive/My_DL/S6/TakeHome/Image/Train/000702.png,194,259,131,46,181,106
/content/drive/MyDrive/My_DL/S6/TakeHome/Image/Train/000704.png,225,225,119,147,140,11
/content/drive/MyDrive/My_DL/S6/TakeHome/Image/Train/000694.png,196,257,50,12,111,78
/content/drive/MyDrive/My_DL/S6/TakeHome/Image/Train/000701.png,168,300,137,17,180,60
/content/drive/MyDrive/My_DL/S6/TakeHome/Image/Train/000700.png,194,259,172,72,207,103
/content/drive/MyDrive/My_DL/S6/TakeHome/Image/Train/000697.png,167,301,124,25,163,75
/content/drive/MyDrive/My_DL/S6/TakeHome/Image/Train/000703.png,217,232,1,59,42,121
/content/drive/MyDrive/My_DL/S6/TakeHome/Image/Train/000693.png,183,275,132,30,150,55
/content/drive/MyDrive/My_DL/S6/TakeHome/Image/Train/000690.png,154,327,21,24,93,110
/content/drive/MyDrive/My_DL/S6/TakeHome/Image/Train/000692.png,197,255,126,36,165,102
/content/drive/MyDrive/My_DL/S6/TakeHome/Image/Train/000691.png,168,300,122,19,174,91
/content/drive/MyDrive/My_DL/S6/TakeHome/Image/Train/000689.png,183,275,71,21,210,179
/content/drive/MyDrive/My_DL/S6/TakeHome/Image/Train/000686.png,169,299,79,12,171,120
/content/drive/MyDrive/My_DL/S6/TakeHome/Image/Train/000685.png,201,251,140,8,173,55
/content/drive/MyDrive/My_DL/S6/TakeHome/Image/Train/000687.png,202,249,135,11,175,58
/content/drive/MyDrive/My_DL/S6/TakeHome/Image/Train/000684.png,196,257,67,19,91,41
/content/drive/MyDrive/My_DL/S6/TakeHome/Image/Train/000688.png,168,299,120,69,175,118
/content/drive/MyDrive/My_DL/S6/TakeHome/Image/Train/000683.png,259,194,59,58,94,100
/content/drive/MyDrive/My_DL/S6/TakeHome/Image/Train/000673.png,194,259,119,11,192,95
/content/drive/MyDrive/My_DL/S6/TakeHome/Image/Train/000675.png,170,297,121,44,147,69
/content/drive/MyDrive/My_DL/S6/TakeHome/Image/Train/000678.png,319,158,6,112,69,200
/content/drive/MyDrive/My_DL/S6/TakeHome/Image/Train/000682.png,227,222,42,16,95,88
/content/drive/MyDrive/My_DL/S6/TakeHome/Image/Train/000680.png,241,209,59,16,113,78
/content/drive/MyDrive/My_DL/S6/TakeHome/Image/Train/000677.png,242,208,,,,
/content/drive/MyDrive/My_DL/S6/TakeHome/Image/Train/000679.png,254,198,53,29,145,126
/content/drive/MyDrive/My_DL/S6/TakeHome/Image/Train/000681.png,187,270,89,15,110,38
/content/drive/MyDrive/My_DL/S6/TakeHome/Image/Train/000672.png,165,306,169,24,209,63
/content/drive/MyDrive/My_DL/S6/TakeHome/Image/Train/000671.png,194,259,147,35,164,62
/content/drive/MyDrive/My_DL/S6/TakeHome/Image/Train/000660.png,179,282,84,26,110,51
/content/drive/MyDrive/My_DL/S6/TakeHome/Image/Train/000668.png,168,299,105,19,156,66
/content/drive/MyDrive/My_DL/S6/TakeHome/Image/Train/000661.png,178,284,129,69,149,93
/content/drive/MyDrive/My_DL/S6/TakeHome/Image/Train/000667.png,257,196,67,31,148,126
/content/drive/MyDrive/My_DL/S6/TakeHome/Image/Train/000670.png,163,310,113,29,193,98
/content/drive/MyDrive/My_DL/S6/TakeHome/Image/Train/000669.png,168,300,130,54,157,85
/content/drive/MyDrive/My_DL/S6/TakeHome/Image/Train/000662.png,194,259,52,28,124,117
/content/drive/MyDrive/My_DL/S6/TakeHome/Image/Train/000665.png,168,300,10,5,56,49
/content/drive/MyDrive/My_DL/S6/TakeHome/Image/Train/000664.png,223,226,177,31,219,76
/content/drive/MyDrive/My_DL/S6/TakeHome/Image/Train/000777.png,168,299,138,65,170,105
/content/drive/MyDrive/My_DL/S6/TakeHome/Image/Train/000771.png,194,259,113,51,144,86
/content/drive/MyDrive/My_DL/S6/TakeHome/Image/Train/000776.png,194,259,106,53,142,87
/content/drive/MyDrive/My_DL/S6/TakeHome/Image/Train/000773.png,163,310,51,33,110,87
/content/drive/MyDrive/My_DL/S6/TakeHome/Image/Train/000770.png,168,300,153,31,208,88
/content/drive/MyDrive/My_DL/S6/TakeHome/Image/Train/000769.png,183,275,101,39,136,80
/content/drive/MyDrive/My_DL/S6/TakeHome/Image/Train/000775.png,225,225,75,35,107,75
/content/drive/MyDrive/My_DL/S6/TakeHome/Image/Train/000767.png,168,300,,,,
/content/drive/MyDrive/My_DL/S6/TakeHome/Image/Train/000768.png,186,270,97,49,162,136
/content/drive/MyDrive/My_DL/S6/TakeHome/Image/Train/000774.png,225,225,132,107,186,164
/content/drive/MyDrive/My_DL/S6/TakeHome/Image/Train/000763.png,184,274,76,16,105,52
/content/drive/MyDrive/My_DL/S6/TakeHome/Image/Train/000761.png,225,225,119,72,152,109
/content/drive/MyDrive/My_DL/S6/TakeHome/Image/Train/000755.png,269,187,90,32,122,60
/content/drive/MyDrive/My_DL/S6/TakeHome/Image/Train/000752.png,183,275,141,41,162,53
/content/drive/MyDrive/My_DL/S6/TakeHome/Image/Train/000758.png,194,259,194,35,231,77
/content/drive/MyDrive/My_DL/S6/TakeHome/Image/Train/000757.png,195,259,199,49,227,79
/content/drive/MyDrive/My_DL/S6/TakeHome/Image/Train/000760.png,168,300,122,32,175,92
/content/drive/MyDrive/My_DL/S6/TakeHome/Image/Train/000762.png,168,300,107,54,151,86
/content/drive/MyDrive/My_DL/S6/TakeHome/Image/Train/000754.png,153,329,221,19,272,53
/content/drive/MyDrive/My_DL/S6/TakeHome/Image/Train/000751.png,275,183,44,22,80,68
/content/drive/MyDrive/My_DL/S6/TakeHome/Image/Train/000748.png,251,201,40,23,157,132
/content/drive/MyDrive/My_DL/S6/TakeHome/Image/Train/000740.png,225,225,130,61,158,113
/content/drive/MyDrive/My_DL/S6/TakeHome/Image/Train/000742.png,146,345,203,20,266,87
/content/drive/MyDrive/My_DL/S6/TakeHome/Image/Train/000735.png,181,279,130,59,200,121
/content/drive/MyDrive/My_DL/S6/TakeHome/Image/Train/000738.png,223,226,65,31,190,192
/content/drive/MyDrive/My_DL/S6/TakeHome/Image/Train/000732.png,162,311,121,42,197,119
/content/drive/MyDrive/My_DL/S6/TakeHome/Image/Train/000746.png,177,284,0,4,25,74
/content/drive/MyDrive/My_DL/S6/TakeHome/Image/Train/000745.png,194,259,172,67,258,144
/content/drive/MyDrive/My_DL/S6/TakeHome/Image/Train/000733.png,168,300,70,36,109,78
/content/drive/MyDrive/My_DL/S6/TakeHome/Image/Train/000734.png,194,259,16,84,94,165
/content/drive/MyDrive/My_DL/S6/TakeHome/Image/Train/000731.png,175,288,104,39,188,151
/content/drive/MyDrive/My_DL/S6/TakeHome/Image/Train/000727.png,225,225,133,39,199,98
/content/drive/MyDrive/My_DL/S6/TakeHome/Image/Train/000729.png,179,282,83,25,105,51
/content/drive/MyDrive/My_DL/S6/TakeHome/Image/Train/000725.png,194,259,122,35,162,73
/content/drive/MyDrive/My_DL/S6/TakeHome/Image/Train/000728.png,188,268,120,43,151,78
/content/drive/MyDrive/My_DL/S6/TakeHome/Image/Train/000720.png,224,225,110,37,158,90
/content/drive/MyDrive/My_DL/S6/TakeHome/Image/Train/000722.png,225,225,80,83,134,138
/content/drive/MyDrive/My_DL/S6/TakeHome/Image/Train/000723.png,255,197,99,32,118,60
/content/drive/MyDrive/My_DL/S6/TakeHome/Image/Train/000719.png,225,225,98,126,140,164
/content/drive/MyDrive/My_DL/S6/TakeHome/Image/Train/000726.png,194,259,82,22,140,82
/content/drive/MyDrive/My_DL/S6/TakeHome/Image/Train/000779.png,201,251,135,16,179,48
/content/drive/MyDrive/My_DL/S6/TakeHome/Image/Train/000781.png,254,198,51,43,134,122
/content/drive/MyDrive/My_DL/S6/TakeHome/Image/Train/000780.png,224,225,1,38,95,188
